vaccin DCT-polio-Hib contre 5 maladies - diphthérie, tétanos, coqueluche (toux coquelucheuse), polio et haemophilus influenzae de type b (Hib)|vaccin antipneumococcique conjugué|vaccin antirotavirus
vaccin DCT-polio-Hib contre 5 maladies - diphthérie, tétanos, coqueluche (toux coquelucheuse), polio et haemophilus influenzae de type b (Hib)
vaccin antipneumococcique conjugué|vaccin conjugué contre la méningococcie (Men-C-C)|vaccin ROR contre 3 maladies - rougeole, oreillons et rubéole
vaccin antivaricelle
vaccin DCT-polio-Hib contre 5 maladies - diphthérie, tétanos, coqueluche (toux coquelucheuse), polio et haemophilus influenzae de type b (Hib)
vaccin dcaT-VPI contre quatre maladies - tétanos, diphthérie, coqueluche (toux coquelucheuse) et polio|vaccin RROV contre quatre maladies - rougeole, oreillons, rubéole et varicelle
vaccin conjugué contre la méningococcie (Men-C-ACYW)|vaccin contre l’hépatite B|vaccin contre le virus du papillome humain (VPH)
vaccin dcaT contre 3 maladies - tétanos, diphthérie et coqueluche (toux coquelucheuse)
vaccin dcaT contre 3 maladies - tétanos, diphthérie et coqueluche (toux coquelucheuse) (une fois à l’âge adulte et une fois par grossesse)|vaccin Td contre deux maladies - tétanos et diphthérie (tous les dix ans)|vaccin contre la grippe (chaque année à l’automne)|vaccin antipneumococcique (à 65 ans)|vaccin contre le zona (sous forme de deux doses administrées entre 65 et 70 ans)
vaccin DCT-polio-Hib contre 5 maladies - diphthérie, tétanos, coqueluche (toux coquelucheuse), polio et haemophilus influenzae de type b (Hib)|vaccin antipneumococcique conjugué|vaccin antirotavirus
vaccin DCT-polio-Hib contre 5 maladies - diphthérie, tétanos, coqueluche (toux coquelucheuse), polio et haemophilus influenzae de type b (Hib)
vaccin antipneumococcique conjugué|vaccin conjugué contre la méningococcie (Men-C-C)|vaccin ROR contre 3 maladies - rougeole, oreillons et rubéole
vaccin antivaricelle
vaccin DCT-polio-Hib contre 5 maladies - diphthérie, tétanos, coqueluche (toux coquelucheuse), polio et haemophilus influenzae de type b (Hib)
vaccin dcaT-VPI contre quatre maladies - tétanos, diphthérie, coqueluche (toux coquelucheuse) et polio|vaccin RROV contre quatre maladies - rougeole, oreillons, rubéole et varicelle
vaccin conjugué contre la méningococcie (Men-C-ACYW)|vaccin contre l’hépatite B|vaccin contre le virus du papillome humain (VPH)
vaccin dcaT contre 3 maladies - tétanos, diphthérie et coqueluche (toux coquelucheuse)
vaccin dcaT contre 3 maladies - tétanos, diphthérie et coqueluche (toux coquelucheuse) (une fois à l’âge adulte et une fois par grossesse)|vaccin Td contre deux maladies - tétanos et diphthérie (tous les dix ans)|vaccin contre la grippe (chaque année à l’automne)|vaccin antipneumococcique (à 65 ans)|vaccin contre le zona (sous forme de deux doses administrées entre 65 et 70 ans)
2 mois|4 mois|6 mois|18 mois
2 mois|4 mois|12 mois/1 an
2 mois|4 mois
12 mois|4-6 ans
12 mois|4-6 ans
12 mois/1 an
15 mois
15 mois
entre 4-6 ans
entre 4-6 ans
entre 4-6 ans
en 7e année
en 7e année
en 7e année
en 7e année
entre 14-16 ans
2 mois|4 mois|12 mois/1 an|65 ans
entre 65-70 (sous forme de deux doses)
2 mois|4 mois|6 mois|18 mois
2 mois|4 mois|12 mois/1 an
2 mois|4 mois
12 mois|4-6 ans
12 mois|4-6 ans
12 mois/1 an
15 mois
15 mois
entre 4-6 ans
entre 4-6 ans
entre 4-6 ans
en 7e année
en 7e année
en 7e année
en 7e année
entre 14-16 ans
2 mois|4 mois|12 mois/1 an|65 ans
entre 65-70 (sous forme de deux doses)
dès le 1er décembre et jusqu’au 15mars
4,8 mm
1,6mm
du 15 octobre au 1er mai
les véhicules de commerce dont la masse totale en charge n’excède pas 3 000kg|les véhicules de promenade|les taxis
non
Société de l’assurance automobile du Québec (SAAQ)
non
oui
non
trois tests (un test de connaissances à choix multiples, puis deux examens pratiques)
16
un test de connaissances (à choix multiples)
Examen de conduite de classe 7 (Class 7 road test)
Examen de conduite de classe 5 (Class 5 road test)
40 questions à choix multiples sur 50 correctes (80 %)
Zéro alcool (ou drogue) dans votre sang lorsque vous conduisez.
Interdiction de conduire entre minuit (début) et 5 h du matin (fin)
Un seul passager (plus un superviseur âgé de 25 ans et plus avec un permis de conduire valide de classe 1, 2, 3, 4 ou 5)
l'arrière de votre auto (pendant que vous conduisez)
non
non
183 jours
183 jours
dans les trois mois suivant l’établissement de la résidence en Alberta
dans les trois mois suivant l’établissement de la résidence en Alberta
le premier jour du troisième mois suivant la date à laquelle vous avez établi votre résidence en Alberta (Si vous faites une demande plus tard, la date d’entrée en vigueur de votre couverture est déterminée lors de votre inscription. Les familles des militaires qui déménagent en Alberta sont dispensées de la période d’attente.)
le premier jour du troisième mois suivant la date à laquelle vous avez établi votre résidence en Alberta (Si vous faites une demande plus tard, la date d’entrée en vigueur de votre couverture est déterminée lors de votre inscription. Les familles des militaires qui déménagent en Alberta sont dispensées de la période d’attente.)
oui
oui
5 mètres (16 pieds) (d’une bordure de trottoir en face d’une borne-fontaine)
50 km (30 miles) (à moins d’indications contraires)
non
un feu vert prioritaire qui indique que vous pouvez tourner à gauche s’il n’y a pas de danger
oui (À moins d’un panneau indiquant le contraire, vous pouvez effectuer un virage à droite sur un feu rouge, à condition que le véhicule ait d’abord été immobilisé complètement et que vous ayez cédé le passage aux piétons et aux autres véhicules.)
0,05 pour cent à 0,08 pour cent
le conducteur
une perte de deux points (et payer une amende)
non
0
12
16|12 avec l'approbation d'un parent/tuteur
résident du Nunavut|non-résident|étranger non-résident
2 (N et O; N est divisé en trois zones)
non
oui
non
non
gratuit
oui
