diphtheria, tetanus, pertussis (whooping cough), polio, haemophilus influenzae type b (Hib) in a 5-in-1 vaccine called the DTaP-IPV-Hib vaccine|pneumococcal conjugate|rotavirus
diphtheria, tetanus, pertussis (whooping cough), polio, haemophilus influenzae type b (Hib) in a 5-in-1 vaccine called the DTaP-IPV-Hib vaccine
pneumococcal conjugate|meningococcal conjugate (Men-C-C)|measles, mumps and rubella in a 3-in-1 vaccine called the MMR vaccine
chickenpox (varicella)
diphtheria, tetanus, pertussis (whooping cough), polio, haemophilus influenzae type b (Hib) in a 5-in-1 vaccine called the DTaP-IPV-Hib vaccine
tetanus, diphtheria, pertussis (whooping cough) and polio in a 4-in-1 vaccine called the Tdap-IPV vaccine|measles, mumps, rubella and varicella (chickenpox) in a 4-in-1 vaccine called the MMRV vaccine
meningococcal conjugate (Men-C-ACYW)|hepatitis B|human papillomavirus (HPV)
tetanus, diphtheria and pertussis (whooping cough) in a 3-in-1 vaccine called the Tdap vaccine
tetanus, diphtheria and pertussis (whooping cough) in a 3-in-1 vaccine called the Tdap vaccine (once in adulthood and once in every pregnancy)|tetanus and diphtheria in a 2-in-1 vaccine called the Td vaccine (every 10 years)|flu (every fall)|pneumococcal (at age 65)|shingles (2-dose series between age 65 to 70)
diphtheria, tetanus, pertussis (whooping cough), polio, haemophilus influenzae type b (Hib) in a 5-in-1 vaccine called the DTaP-IPV-Hib vaccine|pneumococcal conjugate|rotavirus
diphtheria, tetanus, pertussis (whooping cough), polio, haemophilus influenzae type b (Hib) in a 5-in-1 vaccine called the DTaP-IPV-Hib vaccine
pneumococcal conjugate|meningococcal conjugate (Men-C-C)|measles, mumps and rubella in a 3-in-1 vaccine called the MMR vaccine
chickenpox (varicella)
diphtheria, tetanus, pertussis (whooping cough), polio, haemophilus influenzae type b (Hib) in a 5-in-1 vaccine called the DTaP-IPV-Hib vaccine
tetanus, diphtheria, pertussis (whooping cough) and polio in a 4-in-1 vaccine called the Tdap-IPV vaccine|measles, mumps, rubella and varicella (chickenpox) in a 4-in-1 vaccine called the MMRV vaccine
meningococcal conjugate (Men-C-ACYW)|hepatitis B|human papillomavirus (HPV)
tetanus, diphtheria and pertussis (whooping cough) in a 3-in-1 vaccine called the Tdap vaccine
tetanus, diphtheria and pertussis (whooping cough) in a 3-in-1 vaccine called the Tdap vaccine (once in adulthood and once in every pregnancy)|tetanus and diphtheria in a 2-in-1 vaccine called the Td vaccine (every 10 years)|flu (every fall)|pneumococcal (at age 65)|shingles (2-dose series between age 65 to 70)
2 months|4 months|6 months|18 months
2 months|4 months|12 months/1 year
2 months|4 months
12 months|4-6 years
12 months|4-6 years
12 months/1 year
15 months
15 months
between 4-6 years old
between 4-6 years old
between 4-6 years old
grade 7
grade 7
grade 7
grade 7
between 14-16 years old
2 months|4 months|12 months/1 year|age 65
between ages 65-70 (two dose series)
2 months|4 months|6 months|18 months
2 months|4 months|12 months/1 year
2 months|4 months
12 months|4-6 years
12 months|4-6 years
12 months/1 year
15 months
15 months
between 4-6 years old
between 4-6 years old
between 4-6 years old
grade 7
grade 7
grade 7
grade 7
between 14-16 years old
2 months|4 months|12 months/1 year|age 65
between ages 65-70 (two dose series)
December 1 (start) March 15 (end)
4.8mm
1.6mm
October 15 (start) May 1 (end)
commercial vehicles whose total loaded mass does not exceed 3,000 kg|passenger vehicles|taxis
No
Société de l’assurance automobile du Québec (SAAQ) 
No
Yes
No
three tests (one multiple choice test, then two road tests)
16
practical knowledge test (multiple choice)
Class 7 road test
Class 5 road test
40 out of 50 multiple-choice questions right (80%)
Zero alcohol (or drugs) in your blood when you drive.​
No driving between midnight (start) and 5 a.m. (end)​
Only one passenger (plus a supervisor age 25+ with a valid Class 1, 2, 3, 4 or 5 licence.)
back of your car (while you're driving)
No
No
183 days
183 days
within 3 months of establishing residency in Alberta
within 3 months of establishing residency in Alberta
the first day of the third month following your date you established residency in Alberta. (If you apply later, the effective date of your coverage is determined when you register. Waiting period waived for military families.)
the first day of the third month following your date you established residency in Alberta. (If you apply later, the effective date of your coverage is determined when you register. Waiting period waived for military families.)
yes
yes
5 metres (16 feet) (from the point on a curb opposite a fire hydrant)
50 km/hr (30 miles/hr) (unless otherwise posted)
No
advance green light (which means you can turn left if it is safe to do so)
Yes (Unless a sign indicates otherwise, a right turn may be made on a red light provided the vehicle is first brought to a full stop and the right of way of pedestrians and other traffic is considered.)
0.05 percent (lower end) and 0.08 percent (upper end)
the driver
a loss of two points on their driving record (also pay a fine)
No
0
12
16|12 with parental/guardian endorsement
Nunavut Resident|Non-resident|Non-resident Foreigner
Two (N and O, with N divided into three zones)
no
yes
no
no
no fee
yes
