D'après le calendrier de vaccination systématique de l'Ontario, quels vaccins les bébés doivent-ils recevoir à 2 et 4 mois?
D'après le calendrier de vaccination systématique de l'Ontario, quels vaccins les bébés doivent-ils recevoir à 6 mois?
D'après le calendrier de vaccination systématique de l'Ontario, quels vaccins les bébés doivent-ils recevoir à 1 an?
D'après le calendrier de vaccination systématique de l'Ontario, quels vaccins les bébés doivent-ils recevoir à 15 mois?
D'après le calendrier de vaccination systématique de l'Ontario, quels vaccins les enfants doivent-ils recevoir à 18 mois?
D'après le calendrier de vaccination systématique de l'Ontario, quels vaccins les enfants doivent-ils recevoir entre 4 et 6 ans?
D'après le calendrier de vaccination systématique de l'Ontario, quels vaccins les enfants doivent-ils recevoir en 7e année?
D'après le calendrier de vaccination systématique de l'Ontario, quels vaccins les adolescents doivent-ils recevoir entre 14 et 16 ans?
D'après le calendrier de vaccination systématique de l'Ontario, quels vaccins les adultes doivent-ils recevoir?
Quels vaccins les bébés doivent-ils recevoir à 2 et 4 mois en Ontario?
Quels vaccins les bébés doivent-ils recevoir à 6 mois en Ontario?
Quels vaccins les bébés doivent-ils recevoir à 1 an en Ontario?
Quels vaccins les bébés doivent-ils recevoir à 15 mois en Ontario?
Quels vaccins les enfants doivent-ils recevoir à 18 mois en Ontario?
Quels vaccins les enfants doivent-ils recevoir entre 4 et 6 ans en Ontario?
Quels vaccins les enfants doivent-ils recevoir en 7e année en Ontario?
Quels vaccins les adolescents doivent-ils recevoir entre 14 et 16 ans en Ontario?
Quels vaccins les adultes doivent-ils recevoir en Ontario?
À quel âge les enfants doivent-ils recevoir le vaccin DCT-polio-Hib en Ontario?
À quel âge les enfants doivent-ils recevoir le vaccin antipneumococcique conjugué en Ontario?
À quel âge les enfants doivent-ils recevoir le vaccin antirotavirus en Ontario?
À quel âge les enfants doivent-ils recevoir le vaccin rougeole, oreillons et rubéole (ROR) en Ontario?
À quel âge les enfants doivent-ils recevoir le vaccin ROR en Ontario?
À quel âge les enfants doivent-ils recevoir le vaccin conjugué contre la méningococcie (Men-C-C) en Ontario?
À quel âge les enfants doivent-ils recevoir le vaccin contre la varicelle en Ontario?
À quel âge les enfants doivent-ils recevoir le vaccin antivaricelle en Ontario?
À quel âge les enfants doivent-ils recevoir le vaccin dcaT-VPI en Ontario?
À quel âge les enfants doivent-ils recevoir le vaccin RROV en Ontario?
À quel âge les enfants doivent-ils recevoir le vaccin rougeole, oreillons, rubéole et varicelle (RROV) en Ontario?
À quel âge les enfants doivent-ils recevoir le vaccin conjugué contre la méningococcie (Men-C-ACYW) en Ontario?
À quel âge les enfants doivent-ils recevoir le vaccin contre l’hépatite B en Ontario?
À quel âge les enfants doivent-ils recevoir le vaccin contre le virus du papillome humain (VPH) en Ontario?
À quel âge les enfants doivent-ils recevoir le vaccin VPH en Ontario?
À quel âge les enfants doivent-ils recevoir le vaccin dcaT en Ontario?
À quel âge doit-on recevoir le vaccin antipneumococcique en Ontario?
À quel âge doit-on recevoir le vaccin contre le zona en Ontario?
Quand les enfants doivent-ils recevoir le vaccin DCT-polio-Hib en Ontario?
Quand les enfants doivent-ils recevoir le vaccin antipneumococcique conjugué en Ontario?
Quand les enfants doivent-ils recevoir le vaccin antirotavirus en Ontario?
Quand les enfants doivent-ils recevoir le vaccin rougeole, oreillons et rubéole (ROR) en Ontario?
Quand les enfants doivent-ils recevoir le vaccin ROR en Ontario?
Quand les enfants doivent-ils recevoir le vaccin conjugué contre la méningococcie (Men-C-C) en Ontario?
Quand les enfants doivent-ils recevoir le vaccin contre la varicelle en Ontario?
Quand les enfants doivent-ils recevoir le vaccin antivaricelle en Ontario?
Quand les enfants doivent-ils recevoir le vaccin dcaT-VPI en Ontario?
Quand les enfants doivent-ils recevoir le vaccin RROV en Ontario?
Quand les enfants doivent-ils recevoir le vaccin rougeole, oreillons, rubéole et varicelle (RROV) en Ontario?
Quand les enfants doivent-ils recevoir le vaccin conjugué contre la méningococcie (Men-C-ACYW) en Ontario?
Quand les enfants doivent-ils recevoir le vaccin contre l’hépatite B en Ontario?
Quand les enfants doivent-ils recevoir le vaccin contre le virus du papillome humain (VPH) en Ontario?
Quand les enfants doivent-ils recevoir le vaccin VPH en Ontario?
Quand les enfants doivent-ils recevoir le vaccin dcaT en Ontario?
Quand doit-on recevoir le vaccin antipneumococcique en Ontario?
Quand doit-on recevoir le vaccin contre le zona en Ontario?
Quand les pneus d'hiver sont-ils obligatoires au Québec?
Quelle est la profondeur recommandée pour les rainures des pneus d'hiver au Québec?
Quelle est la profondeur minimale pour les rainures des pneus d'hiver au Québec?
Quand l'utilisation des pneus à crampons est-elle permise au Québec?
Sur quels véhicules peut-on utiliser des pneus à crampons au Québec?
Les obligations liées aux pneus d'hiver au Québec s'appliquent-elles aux véhicules immatriculés hors Québec? 
Où peut-on obtenir un certificat d'exemption de pneus d'hiver d'une durée de sept jours au Québec?
Les obligations liées aux pneus d'hiver au Québec s'appliquent-elles aux pneus de secours?
Les obligations liées aux pneus d'hiver au Québec s'appliquent-elles aux taxis?
Les obligations liées aux pneus d'hiver au Québec s'appliquent-elles aux motocyclettes utilisées comme véhicule d’urgence?
Combien d'examens faut-il passer dans le programme de délivrance graduelle des permis de conduire de la Colombie-Britannique?
À quel âge peut-on obtenir un permis d'apprenti conducteur en Colombie-Britannique?
Quel examen doit-on passer pour obtenir un permis d'apprenti conducteur en Colombie-Britannique?
Quel examen doit-on passer pour obtenir un permis de conducteur débutant en Colombie-Britannique?
Quel examen doit-on passer pour obtenir un permis de conduire en Colombie-Britannique?
Quel est la note de passage à l'examen pour obtenir un permis d'apprenti conducteur en Colombie-Britannique?
Quel est le taux d'alcool maximum permis avec un permis d'apprenti conducteur en Colombie-Britannique?
Quelles sont les heures de conduite autorisées avec un permis d'apprenti conducteur en Colombie-Britannique?
Combien de passagers sont autorisés avec un conducteur qui détient un permis d'apprenti en Colombie-Britannique?
Où le détenteur d'un permis d'apprenti conducteur en Colombie-Britannique doit-il afficher son "L" magnétique?
Les demandeurs d'asile sont-ils admissibles au régime d’assurance-maladie de l’Alberta ?
Les demandeurs d'asile sont-ils couverts par l'AHCIP ?
Combien de jours durant l'année faut-il avoir résidé en Alberta pour être couvert par le régime d’assurance-maladie de l’Alberta ?
Combien de jours durant l'année faut-il avoir résidé en Alberta pour être couvert par l'AHCIP?
Lorsqu'on emménage en Alberta, en provenance d'une autre province canadienne, quand faut-il présenter une demande pour la couverture du régime d’assurance-maladie de l’Alberta ?
Lorsqu'on emménage en Alberta, en provenance d'une autre province canadienne, quand faut-il présenter une demande pour la couverture AHCIP ?
Après combien de temps commence-t-on a être couvert par le régime d'assurance-maladie de l'Alberta lorsqu'on emménage en Alberta en provenance d'une autre province canadienne?
Après combien de temps commence-t-on a être couvert par l'AHCIP lorsqu'on emménage en Alberta en provenance d'une autre province canadienne?
Peut-on utiliser sa carte de soins de santé de son ancienne province ou ancien territoire en attendant de recevoir la carte de soins de santé personnelle de l’Alberta?
Peut-on utiliser sa carte de soins de santé de son ancienne province ou ancien territoire en attendant de recevoir la carte de l'AHCIP?
À quelle distance d'une borne-fontaine peut-on stationner au Nouveau-Brunswick?
Quelle est la limite de vitesse par défaut dans les secteurs urbains au Nouveau-Brunswick?
Les détecteurs de radar sont-ils permis au Nouveau-Brunswick?
Que signifie un feu vert clignotant au Nouveau-Brunswick?
Peut-on tourner à droite sur un feu rouge au Nouveau-Brunswick?
Quel taux d'alcoolémie correspond au stade d'avertissement au Nouveau-Brunswick ?
Au Nouveau-Brunswick, qui a la responsabilité de s'assurer que tous les passagers de moins de 16 ans portent leur ceinture de sécurité?
Combien de points un conducteur perd-t-il au Nouveau-Brunswick s'il est déclaré coupable de ne pas avoir porté sa ceinture de sécurité? 
Au Nouveau-Brunswick, est-il permis de programmer manuellement un assistant de navigation GPS lorsqu'on est au volant?
Quel est le taux d'alcool maximum permis pour les conducteurs qui ont entre 19 et 21 ans au Nouveau-Brunswick?
À quel âge peut-on chasser le petit gibier avec un permis au Nunavut?
À quel âge peut-on chasser le gros gibier avec un permis au Nunavut?
Quelles sont les trois classes de permis de chasse au Nunavut?
Combien d'unités de gestion de la faune y a-t-il au Nunavut?
Les non-résidents peuvent-ils chasser le gros gibier au Nunavut sans un guide professionnel de chasse au gros gibier ?
Faut-il détenir un permis de pêche sportive au Nunavut pour pratiquer ce sport si on n'est pas un bénéficiaire de l'Accord du Nunavut?
Les résidents du Nunavut de moins de 16 ans doivent-ils détenir un permis de pêche sportive pour pratiquer ce sport?
Les permis de pêche sportive du Nunavut sont-ils valides dans les parcs nationaux?
Combien coûte un permis de pêche sportive au Nunavut pour les résidents du Nunavut de plus de 65 ans?
Un non-résident peut-il obtenir un permis de pêche sportive au Nunavut?
