Based on Ontario's routine immunization schedule, what vaccines should babies receive at 2 and 4 months of age?
Based on Ontario's routine immunization schedule, what vaccines should babies receive at 6 months?
Based on Ontario's routine immunization schedule, what vaccines should babies receive at 1 year of age?
Based on Ontario's routine immunization schedule, what vaccines should babies receive at 15 months?
Based on Ontario's routine immunization schedule, what vaccines should children receive at 18 months of age?
Based on Ontario's routine immunization schedule, what vaccines should children receive between the ages of 4 and 6?
Based on Ontario's routine immunization schedule, what vaccines should children receive in Grade 7?
Based on Ontario's routine immunization schedule, what vaccines should adolescents receive between the ages of 14 and 16?
Based on Ontario's routine immunization schedule, what vaccines should adults receive?
What vaccines should babies get at 2 and 4 months of age in Ontario?
What vaccines should babies get at 6 months in Ontario?
What vaccines should babies get at 1 year old in Ontario?
What vaccines should babies get at 15 months in Ontario?
What vaccines should children get at 18 months in Ontario?
What vaccines should children get between the ages of 4 and 6 in Ontario?
What vaccines should children receive in Grade 7 in Ontario?
What vaccines should teens get between the ages of 14 and 16 in Ontario?
What vaccines should adults get in Ontario?
At what age should children receive the DPT-polio-Hib vaccine in Ontario?
At what age should children receive pneumococcal conjugate vaccine in Ontario?
At what age should children get rotavirus vaccine in Ontario?
At what age should children receive the measles, mumps and rubella (MMR) vaccine in Ontario?
At what age should children get the MMR vaccine in Ontario?
At what age should children receive the meningococcal conjugate vaccine (Men-C-C) in Ontario?
At what age should children get the varicella vaccine in Ontario?
At what age should children get the varicella vaccine in Ontario?
At what age should children receive Tdap-IPV vaccine in Ontario?
At what age should children receive MMRV vaccine in Ontario?
At what age should children receive the measles, mumps, rubella and varicella (MMRV) vaccine in Ontario?
At what age should children receive the meningococcal conjugate vaccine (Men-C-ACYW) in Ontario?
At what age should children get the hepatitis B vaccine in Ontario?
At what age should children get the human papillomavirus (HPV) vaccine in Ontario?
At what age should children receive the HPV vaccine in Ontario?
At what age should children get the Tdap vaccine in Ontario?
At what age should I get the pneumococcal vaccine in Ontario?
At what age should I get the shingles vaccine in Ontario?
When should children receive the DPT-polio-Hib vaccine in Ontario?
When should children receive the pneumococcal conjugate vaccine in Ontario?
When should children get rotavirus vaccine in Ontario?
When should children get the measles, mumps and rubella (MMR) vaccine in Ontario?
When should children get the MMR vaccine in Ontario?
When should children receive the meningococcal conjugate vaccine (Men-C-C) in Ontario?
When should children get the varicella vaccine in Ontario?
When should children get the varicella vaccine in Ontario?
When should children receive Tdap-IPV vaccine in Ontario?
When should children receive MMRV vaccine in Ontario?
When should children receive the measles, mumps, rubella and varicella (MMRV) vaccine in Ontario?
When should children receive the meningococcal conjugate vaccine (Men-C-ACYW) in Ontario?
When should children get the hepatitis B vaccine in Ontario?
When should children get the human papillomavirus (HPV) vaccine in Ontario?
When should children get the HPV vaccine in Ontario?
When should children get the Tdap vaccine in Ontario?
When should I get the pneumococcal vaccine in Ontario?
When should I get the shingles vaccine in Ontario?
When are winter tires mandatory in Quebec?
What is the recommended depth for winter tire grooves in Quebec?
What is the minimum depth for winter tire grooves in Quebec?
When are studded tires allowed to be used in Quebec?
What vehicles can studded tires be used on in Quebec?
Do winter tire requirements in Quebec apply to vehicles registered outside Quebec? 
Where can I get a seven-day winter tire exemption certificate in Quebec?
Do winter tire requirements in Quebec apply to spare tires?
Do winter tire obligations in Quebec apply to taxis?
Do winter tire obligations in Quebec apply to motorcycles used as emergency vehicles?
How many tests do I need to take in the B.C. Graduated Licensing Program?
At what age can you get a learner's licence in British Columbia?
What test do I need to take to get a learner's licence in British Columbia?
What test do I need to take to get a beginner driver's licence in British Columbia?
What test do I need to take to get a driver's licence in British Columbia?
What is the passing score on the test to obtain a learner's licence in British Columbia?
What is the maximum alcohol level allowed with a learner's licence in British Columbia?
What are the hours of driving with a learner's licence in British Columbia?
How many passengers are allowed with a driver who holds a learner's permit in British Columbia?
Where does a learner's permit holder in British Columbia have to display their magnetic "L"?
Are refugee claimants eligible for Alberta Health Care Insurance?
Are asylum seekers covered by the AHCIP?
How many days in the year do I need to have resided in Alberta to be covered by the Alberta Health Care Plan?
How many days in the year do I need to have resided in Alberta to be covered by AHCIP?
When moving to Alberta from another Canadian province, when do I need to apply for Alberta Health Care coverage?
When moving to Alberta from another Canadian province, when do I need to apply for AHCIP coverage?
How long does it take to start being covered by Alberta Health Care when I move to Alberta from another Canadian province?
How long does it take to start being covered by AHCIP when moving to Alberta from another Canadian province?
Can I use my health care card from my former province or territory while waiting to receive the Alberta personal health care card?
Can I use my health care card from my former province or territory while waiting to receive the AHCIP card?
How far from a fire hydrant can I park in New Brunswick?
What is the default speed limit in urban areas in New Brunswick?
Are radar detectors allowed in New Brunswick?
What does a flashing green light mean in New Brunswick?
Can you turn right on a red light in New Brunswick?
What blood alcohol level is the warning stage in New Brunswick?
In New Brunswick, who is responsible for ensuring that all passengers under the age of 16 wear their seat belts?
How many points does a driver lose in New Brunswick if convicted of not wearing a seat belt? 
In New Brunswick, is it allowed to manually program a GPS navigation assistant while driving?
What is the maximum alcohol level allowed for drivers between the ages of 19 and 21 in New Brunswick?
At what age can you hunt small game with a licence in Nunavut?
At what age can you hunt big game with a licence in Nunavut?
What are the three classes of hunting licences in Nunavut?
How many wildlife management units are there in Nunavut?
Can non-residents hunt big game in Nunavut without a professional big game hunting guide?
Do I need a sport fishing licence in Nunavut to play this sport if I am not a beneficiary of the Nunavut Agreement?
Do Nunavut residents under the age of 16 need a sport fishing licence to participate in this sport?
Are Nunavut sport fishing licences valid in national parks?
How much does a Nunavut sport fishing licence cost for Nunavut residents over the age of 65?
Can a non-resident get a sport fishing licence in Nunavut?
