According to Ontario's routine vaccination schedule, what vaccines should babies receive at 2 and 4 months old?
According to Ontario's routine vaccination schedule, what vaccines should babies receive at 6 months old?
According to Ontario's routine vaccination schedule, what vaccines should babies receive at 1 year of age?
According to Ontario's routine vaccination schedule, what vaccines should babies receive at 15 months old?
According to Ontario's routine vaccination schedule, what vaccines should babies receive at 18 months old?
According to Ontario's routine vaccination schedule, what vaccines should children receive between the ages of 4 and 6 years old?
According to Ontario's routine vaccination schedule, what vaccines should children receive in grade 7?
According to Ontario's routine vaccination schedule, what vaccines should teens receive between the ages of 14 and 16 years old?
According to Ontario's routine vaccination schedule, what vaccines should adults receive?
What vaccines should babies in Ontario get at 2 and 4 months old?
What vaccines should babies in Ontario get at 6 months old?
What vaccines should babies in Ontario get at 1 year old?
What vaccines should babies in Ontario get at 15 months old?
What vaccines should babies in Ontario get at 18 months old?
What vaccines should children in Ontario get between the ages of 4 and 6 years old?
What vaccines should children in Ontario get in grade 7?
What vaccines should teens in Ontario get between the ages of 14 and 16 years old?
What vaccines should adults in Ontario get?
At what age should children receive the DTaP-IPV-Hib vaccine in Ontario?
At what age should children receive the pneumococcal conjugate vaccine in Ontario?
At what age should children receive the rotavirus vaccine in Ontario?
At what age should children receive the measles, mumps and rubella (MMR) vaccine in Ontario?
At what age should children receive the MMR vaccine in Ontario?
At what age should children receive the meningococcal conjugate (Men-C-C) vaccine in Ontario?
At what age should children receive the chickenpox vaccine in Ontario?
At what age should children receive the chickenpox (varicella) vaccine in Ontario?
At what age should children receive the Tdap-IPV vaccine in Ontario?
At what age should children receive the MMRV vaccine in Ontario?
At what age should children receive the measles, mumps, rubella and varicella (MMRV) vaccine in Ontario?
At what age should children receive the meningococcal conjugate (Men-C-ACYW) vaccine in Ontario?
At what age should children receive the hepatitis B vaccine in Ontario?
At what age should children receive the human papillomavirus (HPV) vaccine in Ontario?
At what age should children receive the HPV vaccine in Ontario?
At what age should children receive the Tdap vaccine in Ontario?
At what age should someone get the pneumococcal vaccine in Ontario?
At what age should someone get the shingles vaccine in Ontario?
When should children get the DTaP-IPV-Hib vaccine in Ontario?
When should children get the pneumococcal conjugate vaccine in Ontario?
When should children get the rotavirus vaccine in Ontario?
When should children get the measles, mumps and rubella (MMR) vaccine in Ontario?
When should children get the MMR vaccine in Ontario?
When should children get the meningococcal conjugate (Men-C-C) vaccine in Ontario?
When should children get the chickenpox vaccine in Ontario?
When should children get the chickenpox (varicella) vaccine in Ontario?
When should children get the Tdap-IPV vaccine in Ontario?
When should children get the MMRV vaccine in Ontario?
When should children get the measles, mumps, rubella and varicella (MMRV) vaccine in Ontario?
When should children get the meningococcal conjugate (Men-C-ACYW) vaccine in Ontario?
When should children get the hepatitis B vaccine in Ontario?
When should children get the human papillomavirus (HPV) vaccine in Ontario?
When should children get the HPV vaccine in Ontario?
When should children get the Tdap vaccine in Ontario?
When should someone get the pneumococcal vaccine in Ontario?
When should someone get the shingles vaccine in Ontario?
When are winter tires required in Quebec?
What is the recommended winter tire tread depth in Quebec?
What is the minimum winter tire tread depth in Quebec?
When are studded tires permitted in Quebec?
What vehicles are allowed to use studded tires in Quebec?
Does the winter tire requirement in Quebec apply to vehicles registered outside Quebec?
Where can you get a 7-day winter tire exemption certificate in Quebec?
Does the winter tire requirement in Quebec apply to spare tires?
Does the winter tire requirement in Quebec apply to taxis?
Does the winter tire requirement in Quebec apply to motorcycles used as emergency vehicles?
How many tests do you have to pass in British Columbia's Graduated Licensing Program?
How old do you have to be to get your learner's licence in British Columbia?
What test do you have to pass to get your learner's licence in British Columbia?
What test do you have to pass to get your novice licence in British Columbia?
What test do you have to pass to get your full licence in British Columbia?
What score do you need to get to pass the learner's licence test in British Columbia?
What is the legal alcohol limit for someone with a learner's licence in British Columbia?
What are the restricted driving hours for someone with a learner's licence in British Columbia?
How many passengers can ride with someone with a learner's licence in British Columbia?
Where does a driver with a learner's licence in British Columbia have to display their magnetic "L"?
Are refugee claimants eligible for Alberta Health Care Insurance Plan coverage?
Are refugee claimants eligible for AHCIP coverage?
How many days in a year do you have to be present in Alberta to be eligible for Alberta Health Care Insurance Plan coverage?
How many days in a year do you have to be present in Alberta to be eligible for AHCIP coverage?
If you move to Alberta from somewhere else in Canada, how soon do you have to apply for Alberta Health Care Insurance Plan coverage?
If you move to Alberta from somewhere else in Canada, how soon do you have to apply for AHCIP coverage?
If you move to Alberta from somewhere else in Canada, how soon can your Alberta Health Care Insurance Plan coverage begin?
If you move to Alberta from somewhere else in Canada, how soon can your AHCIP coverage begin?
Can you use your previous province or territory's health card while waiting to receive your Alberta personal health card?
Can you use your previous province or territory's health card while waiting to receive your AHCIP card?
How close can you park to a fire hydrant in New Brunswick?
What is the standard speed limit in urban areas in New Brunswick?
Are radar detectors legal in New Brunswick?
What does a green flashing traffic light mean in New Brunswick?
Can you right turn on red in New Brunswick?
What is the blood alcohol content warning range for drivers in New Brunswick?
Whose responsibility is it to make sure passengers under 16 are wearing seatbelts in New Brunswick?
How many points do drivers in New Brunswick lose if they are convicted of not wearing a seatbelt?
Can you manually program a GPS device while driving in New Brunswick?
What is the legal blood alcohol content for drivers between the ages of 19 and 21 in New Brunswick?
How old do you have to be to hunt small game with a licence in Nunavut?
How old do you have to be to hunt big game with a licence in Nunavut?
What are the three classes of licensed hunters in Nunavut?
How many wildlife management units are there in Nunavut?
Can non-residents hunt big game in Nunavut without a professional big game guide?
Do you need a Sport Fishing Licence to sport fish in Nunavut if you are not a beneficiary of the Nunavut Agreement?
Do Nunavut residents under the age of 16 need Sport Fishing Licences to sport fish?
Are Nunavut Sport Fishing Licences valid in national parks?
What is the Nunavut Sport Fishing Licence fee for Nunavut residents over the age of 65?
Can a non-resident get a Sport Fishing Licence in Nunavut?
